{
  "name": "repurposed_structures:villages/jungle/houses",
  "fallback": "repurposed_structures:villages/jungle/terminators",
  "elements": [
    {
      "weight": 5,
      "element": {
        "location": "charm:villages/jungle/houses/jungle_beekeeper_1",
        "processors": "repurposed_structures:villages/charmify",
        "projection": "rigid",
        "element_type": "minecraft:legacy_single_pool_element"
      }
    },
    {
      "weight": 5,
      "element": {
        "location": "charm:villages/jungle/houses/jungle_beekeeper_2",
        "processors": "repurposed_structures:villages/charmify",
        "projection": "rigid",
        "element_type": "minecraft:legacy_single_pool_element"
      }
    },
    {
      "weight": 5,
      "element": {
        "location": "charm:villages/jungle/houses/jungle_lumberjack_1",
        "processors": "repurposed_structures:villages/charmify",
        "projection": "rigid",
        "element_type": "minecraft:legacy_single_pool_element"
      }
    }
  ]
}