{
  "name": "repurposed_structures:villages/mountains/houses",
  "fallback": "repurposed_structures:villages/mountains/terminators",
  "elements": [
    {
      "weight": 5,
      "element": {
        "location": "charm:villages/mountains/houses/mountains_beekeeper_1",
        "processors": "repurposed_structures:villages/charmify",
        "projection": "rigid",
        "element_type": "minecraft:legacy_single_pool_element"
      }
    },
    {
      "weight": 5,
      "element": {
        "location": "charm:villages/mountains/houses/mountains_lumberjack_1",
        "processors": "repurposed_structures:villages/charmify",
        "projection": "rigid",
        "element_type": "minecraft:legacy_single_pool_element"
      }
    }
  ]
}